{"cameraMode":{"drawMode":0,"name":"Shaded","section":"Shading Mode"},"sceneLighting":false,"audioPlay":false,"sceneViewState":{"showFog":true,"showMaterialUpdate":false,"showSkybox":true,"showFlares":true,"showImageEffects":true,"showParticleSystems":true},"in2DMode":false,"pivot":{"x":0.0,"y":-0.20000001788139344,"z":-0.20000001788139344},"rotation":{"x":0.007501058746129274,"y":0.9794042110443115,"z":-0.19834117591381074,"w":0.03703980892896652},"size":3.2122082710266115,"orthographic":false}