{"cameraMode":{"drawMode":0,"name":"Shaded","section":"Shading Mode"},"sceneLighting":false,"audioPlay":false,"sceneViewState":{"showFog":true,"showMaterialUpdate":false,"showSkybox":true,"showFlares":true,"showImageEffects":true,"showParticleSystems":true},"in2DMode":false,"pivot":{"x":20.46721649169922,"y":1.6218572854995728,"z":24.586389541625978},"rotation":{"x":-0.09484978020191193,"y":0.8558571338653565,"z":-0.16932591795921327,"w":-0.47941726446151736},"size":0.7307516932487488,"orthographic":false}