{"cameraMode":{"drawMode":0,"name":"Shaded","section":"Shading Mode"},"sceneLighting":false,"audioPlay":false,"sceneViewState":{"showFog":true,"showMaterialUpdate":false,"showSkybox":true,"showFlares":true,"showImageEffects":true,"showParticleSystems":true},"in2DMode":false,"pivot":{"x":242.84947204589845,"y":23.27469253540039,"z":122.74642181396485},"rotation":{"x":0.0539390966296196,"y":0.9396737217903137,"z":-0.17568303644657136,"w":0.28851252794265749},"size":55.5970458984375,"orthographic":false}