{"cameraMode":{"drawMode":0,"name":"Shaded","section":"Shading Mode"},"sceneLighting":false,"audioPlay":false,"sceneViewState":{"showFog":true,"showMaterialUpdate":false,"showSkybox":true,"showFlares":true,"showImageEffects":true,"showParticleSystems":true},"in2DMode":false,"pivot":{"x":15.170000076293946,"y":1.0,"z":-0.019999995827674867},"rotation":{"x":-0.06043501943349838,"y":0.9222631454467773,"z":-0.1609935611486435,"w":-0.34620723128318789},"size":3.051384449005127,"orthographic":false}