{"cameraMode":{"drawMode":0,"name":"Shaded","section":"Shading Mode"},"sceneLighting":false,"audioPlay":false,"sceneViewState":{"showFog":true,"showMaterialUpdate":false,"showSkybox":true,"showFlares":true,"showImageEffects":true,"showParticleSystems":true},"in2DMode":false,"pivot":{"x":21.3029842376709,"y":0.9457505941390991,"z":24.795719146728517},"rotation":{"x":0.05896581709384918,"y":0.8793513178825378,"z":-0.11301713436841965,"w":0.4587935507297516},"size":3.351384401321411,"orthographic":false}