{"cameraMode":{"drawMode":0,"name":"Shaded","section":"Shading Mode"},"sceneLighting":false,"audioPlay":false,"sceneViewState":{"showFog":true,"showMaterialUpdate":false,"showSkybox":true,"showFlares":true,"showImageEffects":true,"showParticleSystems":true},"in2DMode":false,"pivot":{"x":20.53996467590332,"y":0.81873619556427,"z":24.787675857543947},"rotation":{"x":-0.06043501943349838,"y":0.9222631454467773,"z":-0.1609935611486435,"w":-0.34620723128318789},"size":3.685271739959717,"orthographic":false}