{"cameraMode":{"drawMode":0,"name":"Shaded","section":"Shading Mode"},"sceneLighting":false,"audioPlay":false,"sceneViewState":{"showFog":true,"showMaterialUpdate":false,"showSkybox":true,"showFlares":true,"showImageEffects":true,"showParticleSystems":true},"in2DMode":false,"pivot":{"x":20.735084533691408,"y":1.54790198802948,"z":26.421031951904298},"rotation":{"x":0.014812949113547802,"y":0.9753940105438232,"z":-0.06919563561677933,"w":0.20880387723445893},"size":0.651384711265564,"orthographic":false}